first_name,last_name,email,title,city,state,zip,username,password
Reine,Jaze,rjaze0@gmpg.org,Community Outreach Specialist,Albany,New York,12255,rjaze0,ZDg40E
Percy,Gillis,pgillis1@360.cn,Analog Circuit Design manager,Albany,New York,12255,pgillis1,689R1Wf
Janot,Hunnam,jhunnam2@berkeley.edu,Paralegal,Phoenix,Arizona,85099,jhunnam2,hdstzYavL
Pietra,Mityushin,pmityushin3@mysql.com,Engineer II,Erie,Pennsylvania,16510,pmityushin3,Swvw5nfetIq
Bryanty,Riseam,briseam4@jugem.jp,Legal Assistant,Stockton,California,95298,briseam4,w0kKFlR0
Demetre,Goreisr,dgoreisr5@purevolume.com,Software Consultant,Modesto,California,95354,dgoreisr5,lViXosZMG1
Jan,Horick,jhorick6@miibeian.gov.cn,Compensation Analyst,Washington,District of Columbia,20210,jhorick6,SzQMtSk
Leontyne,Teasdale-Markie,lteasdalemarkie7@soup.io,Analog Circuit Design manager,Indianapolis,Indiana,46278,lteasdalemarkie7,ZJ9psmDIfJu
Micky,Ambroix,mambroix8@seattletimes.com,VP Marketing,Miami,Florida,33129,mambroix8,68j5Ce
Duffy,Luckwell,dluckwell9@cdbaby.com,Help Desk Operator,San Francisco,California,94154,dluckwell9,8m4ETODJfifC
Alikee,McGillacoell,amcgillacoella@amazon.com,Technical Writer,Baton Rouge,Louisiana,70836,amcgillacoella,FMqb0utAxeP
Niccolo,Soles,nsolesb@fotki.com,Environmental Tech,Pensacola,Florida,32520,nsolesb,wqf99HVHM2a
Loree,Faircley,lfaircleyc@last.fm,Structural Engineer,Tampa,Florida,33686,lfaircleyc,zL9b3kl4vv
Toiboid,Moretto,tmorettod@smugmug.com,Account Executive,Austin,Texas,78778,tmorettod,2FjPNpO4ATj
Fenelia,Crowcombe,fcrowcombee@altervista.org,Junior Executive,Sacramento,California,95823,fcrowcombee,6JSPMd8
Mead,Reims,mreimsf@ameblo.jp,Executive Secretary,Atlanta,Georgia,30356,mreimsf,GzA2rxdY0NfR
Glynda,Germon,ggermong@123-reg.co.uk,Geological Engineer,Wichita,Kansas,67220,ggermong,5qV0NYuqu
Boote,Rickards,brickardsh@npr.org,Nurse,Des Moines,Iowa,50347,brickardsh,GO4pAb7
Addie,Compson,acompsoni@vimeo.com,Web Developer III,Louisville,Kentucky,40298,acompsoni,I4j8vHKBdJpC
Woody,Sextie,wsextiej@github.com,Database Administrator I,Austin,Texas,78737,wsextiej,wCCd78b4LQ
Torr,Winslet,twinsletk@usatoday.com,Office Assistant III,North Hollywood,California,91616,twinsletk,0nGe0nPIcs
Leonanie,Roseborough,lroseboroughl@freewebs.com,Director of Sales,Lynn,Massachusetts,01905,lroseboroughl,kairTJ1Nf
Di,Farlam,dfarlamm@edublogs.org,Help Desk Operator,Bakersfield,California,93381,dfarlamm,CAizvB
Sly,Caress,scaressn@wired.com,Help Desk Technician,Las Vegas,Nevada,89125,scaressn,QgGH5T
Albrecht,O'Donoghue,aodonoghueo@thetimes.co.uk,Geologist II,Conroe,Texas,77305,aodonoghueo,rPaaJYlMK
Elsey,Piolli,epiollip@xrea.com,Safety Technician II,Kingsport,Tennessee,37665,epiollip,jcPBIWkIa
Bond,Dorton,bdortonq@prweb.com,Chemical Engineer,Saint Louis,Missouri,63110,bdortonq,TeTKWApSrkp
Shoshana,McNeish,smcneishr@ucsd.edu,Desktop Support Technician,Richmond,Virginia,23203,smcneishr,a5tNUy
Mendie,Dagless,mdaglesss@epa.gov,Account Coordinator,Washington,District of Columbia,20319,mdaglesss,tuO4wa
Vikky,Yakebowitch,vyakebowitcht@hubpages.com,Chief Design Engineer,Richmond,Virginia,23289,vyakebowitcht,0qAwso3Q
Dion,Dellow,ddellowu@jalbum.net,Software Engineer I,Columbus,Ohio,43210,ddellowu,BR8WZj
Rudolf,Lowson,rlowsonv@fotki.com,Sales Representative,Orlando,Florida,32859,rlowsonv,UGkeGS389sh
Emilie,Perkin,eperkinw@mysql.com,Database Administrator I,North Little Rock,Arkansas,72199,eperkinw,FOWGuxO3
Olga,Muscat,omuscatx@vk.com,Environmental Specialist,Los Angeles,California,90189,omuscatx,5lTeuJoLK
Damaris,Peasey,dpeaseyy@spotify.com,Sales Representative,Philadelphia,Pennsylvania,19136,dpeaseyy,zwCoS9u
Cirilo,Lingfoot,clingfootz@wunderground.com,Web Designer I,Wichita,Kansas,67220,clingfootz,xZf4vl2swkBN
Robinson,Broggelli,rbroggelli10@kickstarter.com,Senior Financial Analyst,Phoenix,Arizona,85015,rbroggelli10,WdNt2qb4
Rasia,Seargeant,rseargeant11@about.com,Operator,Beaumont,Texas,77705,rseargeant11,UXei2R
Dniren,Fury,dfury12@nbcnews.com,Project Manager,Cleveland,Ohio,44130,dfury12,qcA4g06pG7M8
Gilda,Wildber,gwildber13@indiegogo.com,Director of Sales,Akron,Ohio,44315,gwildber13,yaTJUykXZe
Blane,Tatem,btatem14@stanford.edu,VP Accounting,Colorado Springs,Colorado,80935,btatem14,3Uf2qJyxad
Krysta,Iamittii,kiamittii15@msn.com,Teacher,College Station,Texas,77844,kiamittii15,Ar64i4y2M
Ruprecht,Van Bruggen,rvanbruggen16@dot.gov,Community Outreach Specialist,Montgomery,Alabama,36125,rvanbruggen16,xmwudQwM
Elenore,Sandell,esandell17@webs.com,Product Engineer,Mesquite,Texas,75185,esandell17,oYWQNimKcMB
Rosana,Stigger,rstigger18@mail.ru,Dental Hygienist,Baltimore,Maryland,21290,rstigger18,Db9a6DyW24
Charley,Delia,cdelia19@mlb.com,Director of Sales,Spokane,Washington,99220,cdelia19,2vUrQ51wcot
Stanley,Lidyard,slidyard1a@live.com,GIS Technical Architect,Bozeman,Montana,59771,slidyard1a,6oLvX8sqf0Oe
Belicia,Huertas,bhuertas1b@mlb.com,Sales Associate,Albany,New York,12232,bhuertas1b,P23hIIs
Jacynth,Embleton,jembleton1c@irs.gov,Sales Representative,Birmingham,Alabama,35295,jembleton1c,F7focXp6Tft
Geneva,Berwick,gberwick1d@nih.gov,Programmer II,Herndon,Virginia,22070,gberwick1d,kckmZgzudo
Sharona,Pottery,spottery1e@ning.com,Computer Systems Analyst I,Phoenix,Arizona,85015,spottery1e,NwpT9ody0
Kerwinn,Malden,kmalden1f@desdev.cn,Physical Therapy Assistant,Milwaukee,Wisconsin,53210,kmalden1f,CpHECuU4kMdi
Hedvig,Flacknell,hflacknell1g@github.com,Financial Advisor,Houston,Texas,77010,hflacknell1g,Xw8Rdo3rG
Zane,Pigdon,zpigdon1h@uol.com.br,VP Accounting,Indianapolis,Indiana,46221,zpigdon1h,TGtL2rXinw
Miles,Santora,msantora1i@loc.gov,Associate Professor,New York City,New York,10160,msantora1i,V8jwknOQ
Mel,Dabnor,mdabnor1j@adobe.com,Accounting Assistant III,Cincinnati,Ohio,45228,mdabnor1j,PTxPT3
Opalina,McMurraya,omcmurraya1k@dailymotion.com,Accountant I,Washington,District of Columbia,20226,omcmurraya1k,e1apFbt6
Gabi,Mabe,gmabe1l@mysql.com,Nurse Practicioner,Cleveland,Ohio,44197,gmabe1l,gY5JVNwCjn
Deena,Muspratt,dmuspratt1m@yelp.com,Community Outreach Specialist,Norfolk,Virginia,23514,dmuspratt1m,FWiYkI6YGnRo
Othello,Dosdill,odosdill1n@cyberchimps.com,Staff Accountant IV,Sacramento,California,95823,odosdill1n,VqDT8teh
Bride,MacUchadair,bmacuchadair1o@toplist.cz,Pharmacist,Jacksonville,Florida,32259,bmacuchadair1o,Cvi8b0o
Maxwell,Bispo,mbispo1p@bandcamp.com,VP Product Management,Corona,California,92883,mbispo1p,zmqQpWhXfV
Celia,Braybrooks,cbraybrooks1q@arizona.edu,Pharmacist,Chicago,Illinois,60686,cbraybrooks1q,yUBNzd
Richy,Uren,ruren1r@jimdo.com,Librarian,New Haven,Connecticut,06533,ruren1r,s2v8mMwE6A7F
Maurise,Dooman,mdooman1s@fda.gov,Account Coordinator,Los Angeles,California,90081,mdooman1s,2rW964bbMfo
Alon,Turnell,aturnell1t@ihg.com,Senior Sales Associate,Lafayette,Louisiana,70505,aturnell1t,XA4dK61pTpjD
Burgess,Bratty,bbratty1u@acquirethisname.com,Operator,Jackson,Mississippi,39282,bbratty1u,tiNMlIOKPn
Melisande,Lowthian,mlowthian1v@berkeley.edu,Account Representative III,Saint Petersburg,Florida,33731,mlowthian1v,oOcvt8
Nicko,Tustin,ntustin1w@printfriendly.com,Project Manager,Charleston,West Virginia,25326,ntustin1w,Y6byYgpR
Derek,Altamirano,daltamirano1x@yahoo.com,Health Coach III,Mesa,Arizona,85205,daltamirano1x,sfa8gPm8nfP
Corilla,Cawston,ccawston1y@ihg.com,Administrative Officer,Elmira,New York,14905,ccawston1y,3lDjLvreo
Shirl,Keelin,skeelin1z@cpanel.net,Human Resources Manager,Fort Wayne,Indiana,46852,skeelin1z,NxlvaKPm4Xl
Frederic,Turnock,fturnock20@edublogs.org,Project Manager,Flushing,New York,11388,fturnock20,EDBuZrm
Jeni,Iwaszkiewicz,jiwaszkiewicz21@cafepress.com,Nurse,Shreveport,Louisiana,71105,jiwaszkiewicz21,agnhztbBXqvc
Wilma,Jachtym,wjachtym22@sciencedaily.com,Civil Engineer,Birmingham,Alabama,35215,wjachtym22,EjckI3AbfM
Fanechka,McFadzean,fmcfadzean23@buzzfeed.com,Accounting Assistant IV,Odessa,Texas,79769,fmcfadzean23,WlcLS7ar8
Lurlene,Wardell,lwardell24@histats.com,Structural Engineer,Baltimore,Maryland,21265,lwardell24,Q6pVqh32Q2x
Polly,Feldmann,pfeldmann25@list-manage.com,Software Test Engineer IV,Hicksville,New York,11854,pfeldmann25,SqZIMC2G8zm
Orton,Driscoll,odriscoll26@mediafire.com,Analyst Programmer,Augusta,Georgia,30911,odriscoll26,JqL9RLW0O0t
Hanson,Gillis,hgillis27@barnesandnoble.com,Biostatistician III,Denver,Colorado,80241,hgillis27,50nSi1XDNTAV
Nil,Pomphrey,npomphrey28@state.tx.us,Research Assistant II,Grand Rapids,Michigan,49518,npomphrey28,litF09
Sterne,Feldstein,sfeldstein29@latimes.com,Recruiting Manager,Hialeah,Florida,33013,sfeldstein29,zx4Wv2L5
Maritsa,Seymer,mseymer2a@fda.gov,Quality Control Specialist,Indianapolis,Indiana,46266,mseymer2a,LyT3StSOG
Delaney,Toghill,dtoghill2b@xinhuanet.com,Technical Writer,Huntsville,Alabama,35810,dtoghill2b,VIzJdZ
Delmar,Rubra,drubra2c@aboutads.info,General Manager,Santa Fe,New Mexico,87505,drubra2c,EaNKWMVnD
Lettie,Pylkynyton,lpylkynyton2d@icq.com,Database Administrator III,Washington,District of Columbia,20073,lpylkynyton2d,u9EMsvw
Bondy,Shepton,bshepton2e@phoca.cz,Tax Accountant,Orlando,Florida,32803,bshepton2e,807bvHx2Ipq
Antonino,Bowery,abowery2f@about.me,Biostatistician II,Las Vegas,Nevada,89120,abowery2f,gm0xQ3t0ZRfR
Blakeley,Bellhanger,bbellhanger2g@gov.uk,Technical Writer,Young America,Minnesota,55564,bbellhanger2g,wVS04FH7X8i5
Amie,Gibbetts,agibbetts2h@cafepress.com,Accountant I,Moreno Valley,California,92555,agibbetts2h,EjFPFy
Armstrong,Miquelet,amiquelet2i@epa.gov,Design Engineer,Fairbanks,Alaska,99709,amiquelet2i,rq770zK
Orv,Cesconi,ocesconi2j@sogou.com,Compensation Analyst,Wilmington,Delaware,19886,ocesconi2j,sAmEyQy
Letisha,Zelland,lzelland2k@nyu.edu,Human Resources Assistant II,Jacksonville,Florida,32236,lzelland2k,XxjMErGw
Maxim,Ormesher,mormesher2l@umich.edu,Human Resources Manager,Huntington,West Virginia,25770,mormesher2l,I1AQfw4dHl
Petronella,Stert,pstert2m@shinystat.com,Actuary,Youngstown,Ohio,44555,pstert2m,xZdehfUIwnN1
Hyacinth,Evenett,hevenett2n@psu.edu,Data Coordiator,Pasadena,California,91186,hevenett2n,AYHxe6G2n
Adan,Templar,atemplar2o@alibaba.com,Payment Adjustment Coordinator,Shawnee Mission,Kansas,66225,atemplar2o,lL4baQsxu
Wendel,Gabbitas,wgabbitas2p@nba.com,Research Assistant IV,Rochester,Minnesota,55905,wgabbitas2p,KMMNBm
Gerry,Haig,ghaig2q@shareasale.com,Sales Associate,Duluth,Minnesota,55811,ghaig2q,2quTEwP3
Rickie,Burt,rburt2r@netlog.com,VP Accounting,Albany,Georgia,31704,rburt2r,GrW4HhznKcY
Batholomew,Hornung,bhornung2s@go.com,Software Engineer II,Seattle,Washington,98121,bhornung2s,7eUJ75Sr4h
Christophe,Corr,ccorr2t@unicef.org,Quality Engineer,Hartford,Connecticut,06152,ccorr2t,gk9w3xlUOXea
Base,Gibbieson,bgibbieson2u@php.net,Paralegal,Washington,District of Columbia,20260,bgibbieson2u,W4LR094ndQfi
Jonathon,Cordero,jcordero2v@globo.com,Research Associate,Cumming,Georgia,30130,jcordero2v,hgbzYVSQ
Alistair,Moseby,amoseby2w@i2i.jp,Structural Analysis Engineer,Oxnard,California,93034,amoseby2w,fEg6XtW
Cos,Lermouth,clermouth2x@disqus.com,Recruiter,New York City,New York,10060,clermouth2x,s91Pztx4K
Say,Coorington,scoorington2y@unblog.fr,Information Systems Manager,Lehigh Acres,Florida,33972,scoorington2y,9sn2ZWzx5
Ninnette,Patient,npatient2z@europa.eu,GIS Technical Architect,Philadelphia,Pennsylvania,19109,npatient2z,7NXzHD8EoX
Lothario,Ciraldo,lciraldo30@youtube.com,Product Engineer,Los Angeles,California,90076,lciraldo30,k4OovpwPXn
Bran,Absalom,babsalom31@people.com.cn,Mechanical Systems Engineer,Cleveland,Ohio,44118,babsalom31,Qg177G5oUJ
Goldarina,Heed,gheed32@vkontakte.ru,Quality Engineer,Youngstown,Ohio,44555,gheed32,BtQwnWKYA9
Norean,Simnel,nsimnel33@qq.com,Environmental Specialist,Fort Pierce,Florida,34981,nsimnel33,TLpmPzcofbEn
Augustine,Walkington,awalkington34@vk.com,Editor,Las Vegas,Nevada,89193,awalkington34,gIkPWjTyqyV
Meagan,Gergher,mgergher35@bloglovin.com,Occupational Therapist,Richmond,Virginia,23208,mgergher35,NdDmHqL5
Aloisia,Lidgard,alidgard36@e-recht24.de,Help Desk Operator,Waco,Texas,76711,alidgard36,DDXUlcB
Minne,Vasyunkin,mvasyunkin37@goo.gl,Recruiter,West Palm Beach,Florida,33405,mvasyunkin37,evqg1bOZO
Olimpia,Levine,olevine38@vimeo.com,Nurse,Boise,Idaho,83722,olevine38,ogP6Jh
Gwenneth,Coytes,gcoytes39@pcworld.com,Budget/Accounting Analyst III,Amarillo,Texas,79182,gcoytes39,FXV7LQOols
Maudie,Milland,mmilland3a@360.cn,Sales Representative,Columbus,Ohio,43231,mmilland3a,1F25Dp
Issy,Bilbee,ibilbee3b@t-online.de,Software Consultant,Los Angeles,California,90081,ibilbee3b,p22GmS
Hendrika,Biddy,hbiddy3c@deviantart.com,Civil Engineer,Schenectady,New York,12305,hbiddy3c,KRyZ8QA
Demetra,Dunnet,ddunnet3d@ebay.co.uk,Senior Cost Accountant,Jacksonville,Florida,32244,ddunnet3d,7TmsbUed1i
Orly,Raynton,oraynton3e@walmart.com,Senior Quality Engineer,Madison,Wisconsin,53726,oraynton3e,mfhW7Udgk
Jeannie,Curnnok,jcurnnok3f@sakura.ne.jp,Budget/Accounting Analyst III,Muncie,Indiana,47306,jcurnnok3f,EMm8jwWsIDBv
Mylo,Trees,mtrees3g@dropbox.com,Analyst Programmer,Bronx,New York,10459,mtrees3g,2o4O2Pli49z
Janet,Jeger,jjeger3h@omniture.com,Senior Quality Engineer,Trenton,New Jersey,08695,jjeger3h,GCVp5V
Kincaid,Filipputti,kfilipputti3i@4shared.com,Marketing Manager,Salt Lake City,Utah,84152,kfilipputti3i,CHLPh9C5P
Corena,Scriver,cscriver3j@springer.com,Environmental Specialist,Columbia,South Carolina,29220,cscriver3j,COIIqtTpzhdT
Tami,Winyard,twinyard3k@webs.com,VP Marketing,Colorado Springs,Colorado,80905,twinyard3k,5rEazvYN9jy2
Legra,Ogborn,logborn3l@mediafire.com,Project Manager,Port Charlotte,Florida,33954,logborn3l,vDHjpSRqpR
Dael,Glazebrook,dglazebrook3m@ebay.com,Human Resources Manager,Greenville,South Carolina,29615,dglazebrook3m,YrKAwEGFqrB
Judon,Godbert,jgodbert3n@typepad.com,Marketing Manager,Trenton,New Jersey,08603,jgodbert3n,4jLg1EX
Adda,Kintzel,akintzel3o@facebook.com,Account Coordinator,El Paso,Texas,79968,akintzel3o,dHpawBX6fp
Bonny,Wear,bwear3p@moonfruit.com,Programmer Analyst II,Iowa City,Iowa,52245,bwear3p,SojCWP7VHX
Jeromy,Herreran,jherreran3q@nytimes.com,Recruiting Manager,Montpelier,Vermont,05609,jherreran3q,8uLCSfGXaQ
Edlin,Barley,ebarley3r@shareasale.com,Actuary,Miami,Florida,33153,ebarley3r,hCgLvad6CB3p
Doll,Rowlstone,drowlstone3s@nymag.com,Budget/Accounting Analyst III,Pittsburgh,Pennsylvania,15255,drowlstone3s,G5HewZ
Harlan,Chadd,hchadd3t@webs.com,Chief Design Engineer,Ashburn,Virginia,22093,hchadd3t,rTP3vYSvi
Sammy,McBay,smcbay3u@edublogs.org,Executive Secretary,Tucson,Arizona,85743,smcbay3u,HfKelcUf
Jere,Malinson,jmalinson3v@umn.edu,Associate Professor,Sacramento,California,95813,jmalinson3v,om5RsKSJ8
Barnabas,McVie,bmcvie3w@histats.com,Biostatistician I,Baltimore,Maryland,21275,bmcvie3w,iIwLSLlqbD
Wynnie,Gaskoin,wgaskoin3x@huffingtonpost.com,Dental Hygienist,Cleveland,Ohio,44191,wgaskoin3x,ljyi5Oq50h
Doloritas,Mountcastle,dmountcastle3y@instagram.com,Account Representative II,Washington,District of Columbia,20088,dmountcastle3y,UtcDPvQ
Candida,Gookey,cgookey3z@springer.com,Nurse,Norfolk,Virginia,23520,cgookey3z,2cTrIqDlJso
Tresa,Ginnally,tginnally40@wired.com,Database Administrator III,Bronx,New York,10454,tginnally40,wywA9rw8nAa
Ninon,Grebert,ngrebert41@joomla.org,Associate Professor,Washington,District of Columbia,20599,ngrebert41,nyM5noWAsR
Diahann,Bown,dbown42@google.com.br,VP Quality Control,Wilmington,Delaware,19810,dbown42,gS91psuW6Q
Buckie,McGarrie,bmcgarrie43@aol.com,Quality Control Specialist,Young America,Minnesota,55573,bmcgarrie43,jn9PXqQFYx7
Jude,Middleweek,jmiddleweek44@biblegateway.com,Geologist III,Oakland,California,94605,jmiddleweek44,4bZ5yVjNpBGk
Phil,Stansall,pstansall45@quantcast.com,Administrative Assistant III,Sacramento,California,94237,pstansall45,lIvCBp
Mathe,Wistance,mwistance46@sbwire.com,Actuary,Bronx,New York,10464,mwistance46,w4MGqaA
Chiquia,Moscone,cmoscone47@simplemachines.org,Programmer Analyst IV,New York City,New York,10099,cmoscone47,7MiM5qlO
Berni,Dunlop,bdunlop48@desdev.cn,Media Manager III,Minneapolis,Minnesota,55423,bdunlop48,bKRzu3
Carleton,Bickerdyke,cbickerdyke49@nasa.gov,Health Coach III,Washington,District of Columbia,20540,cbickerdyke49,BX62NLwx
Charlene,Waistell,cwaistell4a@oakley.com,Structural Analysis Engineer,Columbus,Ohio,43226,cwaistell4a,B07l37f
Massimo,Sings,msings4b@desdev.cn,Electrical Engineer,Wichita,Kansas,67230,msings4b,LPOnNGL
Conrad,Batson,cbatson4c@tripod.com,Geological Engineer,Peoria,Illinois,61656,cbatson4c,4oxprytnE
Caprice,Thewlis,cthewlis4d@amazon.de,Senior Sales Associate,Louisville,Kentucky,40250,cthewlis4d,IcZNaQgPVT
Rurik,Shapcott,rshapcott4e@patch.com,Systems Administrator I,Sterling,Virginia,20167,rshapcott4e,o1tIA95PR
Loralyn,McRinn,lmcrinn4f@foxnews.com,Staff Scientist,Port Saint Lucie,Florida,34985,lmcrinn4f,MmFW0QrVI3
Teodora,O'Neill,toneill4g@woothemes.com,Food Chemist,Philadelphia,Pennsylvania,19196,toneill4g,tRLjVGHzlUe
Mara,Piscopello,mpiscopello4h@hubpages.com,Software Test Engineer III,Stamford,Connecticut,06922,mpiscopello4h,FXGYziHUlG
Augy,Arstingall,aarstingall4i@hugedomains.com,Environmental Specialist,Sacramento,California,95852,aarstingall4i,NZVQt2XT2U
Tera,De Cleyne,tdecleyne4j@fotki.com,Research Assistant II,San Francisco,California,94147,tdecleyne4j,XzWLwP
Camey,Cranham,ccranham4k@phpbb.com,Data Coordiator,Peoria,Illinois,61640,ccranham4k,bjao7Q5dA
Nanete,Ancliffe,nancliffe4l@amazon.co.uk,Structural Analysis Engineer,Beaufort,South Carolina,29905,nancliffe4l,xaW4GI
Bordy,Roaf,broaf4m@tumblr.com,VP Quality Control,Van Nuys,California,91406,broaf4m,czbJKJakTZJ2
Bryant,Barthorpe,bbarthorpe4n@lulu.com,Programmer Analyst II,Sterling,Virginia,20167,bbarthorpe4n,oX0UD2esTp
Clemmy,Ellams,cellams4o@gnu.org,Editor,San Francisco,California,94116,cellams4o,MFu6X5G
Tally,Drexel,tdrexel4p@sakura.ne.jp,Database Administrator IV,Fort Wayne,Indiana,46862,tdrexel4p,m8rMFb0igvn
Emmalyn,Evangelinos,eevangelinos4q@nsw.gov.au,Assistant Professor,Sacramento,California,94245,eevangelinos4q,gKKgNP
Elihu,Borzone,eborzone4r@linkedin.com,Senior Developer,Chicago,Illinois,60609,eborzone4r,eONwfV7FU
Michelle,Bewicke,mbewicke4s@reuters.com,VP Quality Control,Fairfax,Virginia,22036,mbewicke4s,qmszuUoDitQ
Johan,Lemasney,jlemasney4t@mashable.com,Dental Hygienist,Los Angeles,California,90101,jlemasney4t,iJUGYpvYf
Sean,Jaycocks,sjaycocks4u@plala.or.jp,Human Resources Assistant II,Worcester,Massachusetts,01610,sjaycocks4u,WEEpvnjr8
Gilbertine,Gutans,ggutans4v@nih.gov,Chemical Engineer,Lafayette,Indiana,47905,ggutans4v,7aBnTJhWf3
Cahra,Paulot,cpaulot4w@smh.com.au,Director of Sales,Ridgely,Maryland,21684,cpaulot4w,dNBibZh5
Tamara,Hathwood,thathwood4x@yelp.com,Civil Engineer,Memphis,Tennessee,38119,thathwood4x,YmglOkUkKl
Lorraine,Ellison,lellison4y@istockphoto.com,Professor,Bakersfield,California,93381,lellison4y,PkTuuJ
Winfred,Flooks,wflooks4z@gizmodo.com,Account Representative III,Pasadena,California,91117,wflooks4z,Jx2DmbPrq
Seymour,Sherratt,ssherratt50@posterous.com,Senior Sales Associate,Saint Paul,Minnesota,55188,ssherratt50,n7mkDsp
Steffane,Gaspard,sgaspard51@google.com.hk,Dental Hygienist,Tucson,Arizona,85754,sgaspard51,jVzELV4I9OiL
Kathie,Kimbly,kkimbly52@jugem.jp,Senior Quality Engineer,Clearwater,Florida,33758,kkimbly52,H3i0x5
Sterne,Yukhnevich,syukhnevich53@github.io,Chemical Engineer,Denver,Colorado,80255,syukhnevich53,moW8nAcwjN
Audrie,Clawsley,aclawsley54@baidu.com,Administrative Assistant II,Boca Raton,Florida,33432,aclawsley54,HmgmHo
Drucie,Martina,dmartina55@e-recht24.de,Budget/Accounting Analyst III,Memphis,Tennessee,38197,dmartina55,gXslszotWLHO
Willyt,Cuttles,wcuttles56@amazon.co.uk,Senior Cost Accountant,Phoenix,Arizona,85030,wcuttles56,tAt9lu
Stanislaus,Nichols,snichols57@drupal.org,Analog Circuit Design manager,Murfreesboro,Tennessee,37131,snichols57,Zgo3dC
Rufus,Pourvoieur,rpourvoieur58@prnewswire.com,Graphic Designer,Santa Monica,California,90410,rpourvoieur58,rVlxlX
Eydie,Airds,eairds59@tamu.edu,Safety Technician III,El Paso,Texas,88541,eairds59,mMFTPP0u
Dene,Twell,dtwell5a@123-reg.co.uk,Marketing Assistant,Gainesville,Florida,32610,dtwell5a,iXKBsh8JVX
Shawna,Gearing,sgearing5b@bbc.co.uk,Software Engineer III,Charleston,West Virginia,25313,sgearing5b,MANOR9GNtP
Matilda,Quinion,mquinion5c@cloudflare.com,Pharmacist,Erie,Pennsylvania,16565,mquinion5c,B704BhaxV1
Gregoire,Gyppes,ggyppes5d@mozilla.com,Assistant Manager,Riverside,California,92519,ggyppes5d,cE12mGmp
Denver,Allaway,dallaway5e@printfriendly.com,Senior Developer,Lancaster,Pennsylvania,17622,dallaway5e,mHpHA6g30
Beryle,Gerok,bgerok5f@sphinn.com,Actuary,Indianapolis,Indiana,46207,bgerok5f,aXwSyq
Juliette,Dimbleby,jdimbleby5g@uol.com.br,VP Product Management,Fort Lauderdale,Florida,33325,jdimbleby5g,RN2qs1E3gY
Earl,Dredge,edredge5h@spotify.com,Biostatistician II,Louisville,Kentucky,40233,edredge5h,rgzCAhw
Rosalind,Bauer,rbauer5i@webnode.com,Computer Systems Analyst IV,Chattanooga,Tennessee,37450,rbauer5i,4s8gquO3
Germayne,Deddum,gdeddum5j@clickbank.net,Compensation Analyst,Brooklyn,New York,11236,gdeddum5j,Zixe7z
Cody,Brackley,cbrackley5k@github.com,Executive Secretary,Albany,New York,12227,cbrackley5k,e51nF4Z
Skippy,Luciani,sluciani5l@squidoo.com,Graphic Designer,Gilbert,Arizona,85297,sluciani5l,Aq0fHzxfv
Ranice,Windsor,rwindsor5m@sphinn.com,Software Engineer I,Sacramento,California,95852,rwindsor5m,5f2cQoN
Marlie,Widdup,mwiddup5n@cbc.ca,Biostatistician III,Detroit,Michigan,48211,mwiddup5n,TuBQqdngWe1D
Denni,Esselin,desselin5o@ftc.gov,Nuclear Power Engineer,San Antonio,Texas,78225,desselin5o,F4fbijpA
Merrel,Raiment,mraiment5p@facebook.com,Account Representative IV,Los Angeles,California,90071,mraiment5p,8bMkrvw
Chadwick,Bohler,cbohler5q@icio.us,Technical Writer,South Bend,Indiana,46699,cbohler5q,pGbM6RI10CZx
Amalia,Birtonshaw,abirtonshaw5r@cornell.edu,Account Coordinator,Jamaica,New York,11480,abirtonshaw5r,owi41cOLM3uG
Arda,O' Flaherty,aoflaherty5s@discuz.net,Analog Circuit Design manager,Manassas,Virginia,22111,aoflaherty5s,nSdJjYa8QLy
Georgette,Henrichs,ghenrichs5t@creativecommons.org,Pharmacist,Montgomery,Alabama,36195,ghenrichs5t,LHSsuAIkRtZd
Sande,Veare,sveare5u@twitter.com,Research Nurse,Long Beach,California,90810,sveare5u,AlmyfVuFzLR
Trefor,Totman,ttotman5v@printfriendly.com,Media Manager IV,Greensboro,North Carolina,27409,ttotman5v,quMZysRt7MiG
Ignace,Partener,ipartener5w@cisco.com,Cost Accountant,Louisville,Kentucky,40215,ipartener5w,uXA3tRT8x
Deana,MacTurlough,dmacturlough5x@discuz.net,Geological Engineer,El Paso,Texas,88546,dmacturlough5x,N3kU1tphFC
Birch,Cowdrey,bcowdrey5y@g.co,Graphic Designer,Kalamazoo,Michigan,49048,bcowdrey5y,0BwYyoZrPF
Loree,Tennison,ltennison5z@skype.com,Programmer Analyst IV,Ashburn,Virginia,22093,ltennison5z,GL1kIQ
Letitia,Strathe,lstrathe60@youku.com,Sales Associate,New York City,New York,10105,lstrathe60,ML9MVD44G
Eileen,Hardwell,ehardwell61@prnewswire.com,Dental Hygienist,Davenport,Iowa,52809,ehardwell61,4yzpX176BGh
Ruttger,Baylie,rbaylie62@dyndns.org,Staff Scientist,Oklahoma City,Oklahoma,73197,rbaylie62,RoVmq895g0r
Lyell,Le Quesne,llequesne63@usa.gov,Programmer Analyst IV,Amarillo,Texas,79118,llequesne63,aHDB7e5zu
Kiel,Shiel,kshiel64@theguardian.com,Senior Sales Associate,Denton,Texas,76210,kshiel64,8mTXRx056E
Othilia,Dane,odane65@squarespace.com,Financial Advisor,Harrisburg,Pennsylvania,17140,odane65,4ebdPm
Joey,Whitmell,jwhitmell66@histats.com,Marketing Assistant,Mobile,Alabama,36605,jwhitmell66,DpuzYZIF
Auria,Cossom,acossom67@blogspot.com,Engineer I,Seminole,Florida,34642,acossom67,7QOzGrx
Frasier,Follacaro,ffollacaro68@reddit.com,Research Assistant IV,New York City,New York,10110,ffollacaro68,dkiflb
Calli,Petrakov,cpetrakov69@parallels.com,Research Associate,Saint Paul,Minnesota,55103,cpetrakov69,6BrbeI6NMRjF
Patrice,Fasse,pfasse6a@123-reg.co.uk,Account Representative IV,South Bend,Indiana,46634,pfasse6a,z6GgZH1B
Doug,Durman,ddurman6b@51.la,Project Manager,Washington,District of Columbia,20238,ddurman6b,nj20SQ
Micky,Axcel,maxcel6c@nytimes.com,Graphic Designer,Chicago,Illinois,60657,maxcel6c,ylSrFo375mT
Beryl,Ralph,bralph6d@spotify.com,Pharmacist,Las Vegas,Nevada,89135,bralph6d,JWQNk6JCcSP
Valry,Mangan,vmangan6e@wikimedia.org,Help Desk Technician,Mesa,Arizona,85215,vmangan6e,FBAo9I5lwbXK
Maryanne,Krimmer,mkrimmer6f@tuttocitta.it,Professor,Dayton,Ohio,45419,mkrimmer6f,Oi27DgQEj0F
Haily,Grigsby,hgrigsby6g@icq.com,Quality Control Specialist,Charleston,South Carolina,29424,hgrigsby6g,N2wxMtYmoQ7
Ortensia,Lowles,olowles6h@alexa.com,Community Outreach Specialist,Denver,Colorado,80249,olowles6h,jPYjS3Lp
Katerina,Lukasen,klukasen6i@hud.gov,Technical Writer,San Diego,California,92165,klukasen6i,3D3AV9sk5z
Deb,Boggis,dboggis6j@ameblo.jp,Geologist I,Washington,District of Columbia,20062,dboggis6j,DGIeyl
Harald,Mulchrone,hmulchrone6k@soundcloud.com,Senior Editor,Moreno Valley,California,92555,hmulchrone6k,7BNcbfsR8ToD
Daile,Dillet,ddillet6l@devhub.com,GIS Technical Architect,Atlanta,Georgia,30358,ddillet6l,pe0S3SNAjNT
Rubetta,Lamberti,rlamberti6m@eepurl.com,Web Developer II,Columbus,Ohio,43268,rlamberti6m,PiLcyd
Jaymee,Liddington,jliddington6n@kickstarter.com,Cost Accountant,El Paso,Texas,79934,jliddington6n,LIBYCz4I
Percival,Drife,pdrife6o@psu.edu,Product Engineer,Providence,Rhode Island,02905,pdrife6o,DesesY
Jerrilyn,Clawsley,jclawsley6p@elpais.com,Structural Analysis Engineer,Pensacola,Florida,32575,jclawsley6p,yA8tJjB
Fancie,Corton,fcorton6q@about.me,Librarian,Brooklyn,New York,11210,fcorton6q,YK0wjjr5W6Z
Desmond,Caren,dcaren6r@boston.com,Assistant Professor,San Diego,California,92165,dcaren6r,L8dDtzRMdH4Y
Moe,Pochon,mpochon6s@scientificamerican.com,Programmer Analyst III,Los Angeles,California,90005,mpochon6s,TWHkfVoQ7lI
Dex,Gillibrand,dgillibrand6t@vinaora.com,Database Administrator II,Springfield,Massachusetts,01129,dgillibrand6t,iTrNYXu
Renato,Altoft,raltoft6u@phpbb.com,Legal Assistant,Vero Beach,Florida,32969,raltoft6u,1GkhpIiY4
Hamil,Lanceter,hlanceter6v@ovh.net,General Manager,Pittsburgh,Pennsylvania,15286,hlanceter6v,vYsgR7
Deck,Arington,darington6w@vimeo.com,Account Coordinator,Fort Smith,Arkansas,72916,darington6w,rrDg8q
Viola,Lasseter,vlasseter6x@bizjournals.com,Geological Engineer,Bakersfield,California,93399,vlasseter6x,4gBBqo
Melinde,Jansen,mjansen6y@naver.com,Software Test Engineer II,San Diego,California,92145,mjansen6y,1nr55an6m
Reiko,Twyning,rtwyning6z@theatlantic.com,Junior Executive,Denver,Colorado,80279,rtwyning6z,sNY9AYvqfH
Gussie,Duval,gduval70@soup.io,Information Systems Manager,Arlington,Virginia,22205,gduval70,zmKlDZqoC9a
Hedwiga,Halsted,hhalsted71@xrea.com,Business Systems Development Analyst,Atlanta,Georgia,30316,hhalsted71,giAmZewy
Madison,Kleinberer,mkleinberer72@globo.com,Sales Representative,Portland,Oregon,97240,mkleinberer72,fLHuvHt
Alwin,Tonks,atonks73@apple.com,Tax Accountant,Albuquerque,New Mexico,87140,atonks73,Gflrk2KwXN
Job,Nijs,jnijs74@cbslocal.com,Senior Developer,Modesto,California,95397,jnijs74,UOkkal0x8iG
Dari,Duchateau,dduchateau75@webeden.co.uk,GIS Technical Architect,Richmond,California,94807,dduchateau75,rXnPDwvouuFM
Flem,Mattersey,fmattersey76@eventbrite.com,Office Assistant IV,Palmdale,California,93591,fmattersey76,JeoqAD
Caitlin,Heakey,cheakey77@homestead.com,Human Resources Manager,Pensacola,Florida,32511,cheakey77,SGuW5CLiQxh
Frannie,Hallibone,fhallibone78@hc360.com,Staff Scientist,Greenville,South Carolina,29610,fhallibone78,J8y5YXjYMYEy
Catherina,Sharrocks,csharrocks79@columbia.edu,Physical Therapy Assistant,El Paso,Texas,88546,csharrocks79,lFeIGRkC5P8B
Ciro,Castiglione,ccastiglione7a@europa.eu,VP Sales,Des Moines,Iowa,50310,ccastiglione7a,tE9e5p3l2
Bard,Roma,broma7b@vinaora.com,Operator,Birmingham,Alabama,35279,broma7b,x3TXQ2d1T
George,Briamo,gbriamo7c@macromedia.com,Operator,Orlando,Florida,32813,gbriamo7c,FZbSGEa
Conrado,Nan Carrow,cnancarrow7d@nyu.edu,Chief Design Engineer,Fort Worth,Texas,76198,cnancarrow7d,CIbzlGJvB
Georgy,Rolf,grolf7e@slashdot.org,Web Designer IV,Anchorage,Alaska,99599,grolf7e,70FAFtje9
Zondra,Capnerhurst,zcapnerhurst7f@naver.com,Help Desk Technician,New Orleans,Louisiana,70149,zcapnerhurst7f,uFVMLQCCZ
Herta,Sumsion,hsumsion7g@ehow.com,Systems Administrator III,Corpus Christi,Texas,78465,hsumsion7g,HZKzIXGhx
Garreth,Dillingham,gdillingham7h@ask.com,Information Systems Manager,Norfolk,Virginia,23514,gdillingham7h,0Iq8Kl
Giorgi,Slatter,gslatter7i@umn.edu,Clinical Specialist,Albany,New York,12247,gslatter7i,OaXfH2dRe
Beltran,Allin,ballin7j@photobucket.com,Professor,Stamford,Connecticut,06922,ballin7j,jWfxyVI4
Jorrie,Pape,jpape7k@wikia.com,Executive Secretary,Oklahoma City,Oklahoma,73167,jpape7k,pxmRvka
Myron,Dizlie,mdizlie7l@fda.gov,Senior Quality Engineer,El Paso,Texas,79955,mdizlie7l,DeepmGEj
Terrel,Beaty,tbeaty7m@rakuten.co.jp,Research Nurse,Shawnee Mission,Kansas,66225,tbeaty7m,IbuC7V
Maitilde,Poynser,mpoynser7n@vistaprint.com,Environmental Specialist,Huntington,West Virginia,25721,mpoynser7n,omfIxTMSq6yz
Jany,Cherrington,jcherrington7o@bloglovin.com,Electrical Engineer,Nashville,Tennessee,37250,jcherrington7o,WqcHL18
Matthieu,Helks,mhelks7p@geocities.com,Geological Engineer,Jacksonville,Florida,32215,mhelks7p,jhxqTz0Rzw
Gunner,McCrisken,gmccrisken7q@nsw.gov.au,Software Engineer II,Mount Vernon,New York,10557,gmccrisken7q,tu4f1FHkBaZ
Morrie,Raddon,mraddon7r@xing.com,Electrical Engineer,Atlanta,Georgia,30351,mraddon7r,2LwVr5rZA
Cad,Murty,cmurty7s@ebay.co.uk,Media Manager I,Kalamazoo,Michigan,49006,cmurty7s,Gom6xWsaLiZ
Eartha,Petit,epetit7t@state.gov,VP Accounting,Las Vegas,Nevada,89135,epetit7t,qqMRIhbm
Ailsun,Gainseford,againseford7u@ft.com,Geological Engineer,Charleston,West Virginia,25313,againseford7u,BLTIu4K
Alastair,Jouhan,ajouhan7v@odnoklassniki.ru,Media Manager IV,Minneapolis,Minnesota,55441,ajouhan7v,eNmj517un
Ofella,April,oapril7w@sbwire.com,Database Administrator IV,Topeka,Kansas,66642,oapril7w,Tnd3z8Q
Geoff,Duiged,gduiged7x@umn.edu,Help Desk Technician,Bronx,New York,10469,gduiged7x,XtcFtxcGb3Cz
Bobbe,MacCaughen,bmaccaughen7y@miitbeian.gov.cn,Software Consultant,Charleston,South Carolina,29424,bmaccaughen7y,qT30oAf
Gregoire,Gurnay,ggurnay7z@1und1.de,Marketing Assistant,Huntington,West Virginia,25711,ggurnay7z,fD1Fywcei
Brandice,Peel,bpeel80@cloudflare.com,Database Administrator III,Pocatello,Idaho,83206,bpeel80,WMzD1Oy0B
Patrica,Adiscot,padiscot81@nhs.uk,Graphic Designer,Huntington Beach,California,92648,padiscot81,l5VwIH
Karyl,Fritter,kfritter82@odnoklassniki.ru,Geologist IV,Fresno,California,93721,kfritter82,jdTwPulLNqxr
Ajay,Osgardby,aosgardby83@stanford.edu,Speech Pathologist,Daytona Beach,Florida,32123,aosgardby83,CbOkzN4y
Jacquelin,Colaton,jcolaton84@amazon.com,Office Assistant II,Atlanta,Georgia,31165,jcolaton84,qlIUgF31tLs
Darcey,Pomeroy,dpomeroy85@cbc.ca,Media Manager IV,Las Vegas,Nevada,89135,dpomeroy85,2NW8ujx3Ju
Heidie,Sutherby,hsutherby86@g.co,Office Assistant II,Chicago,Illinois,60669,hsutherby86,soZPoS8iu
Ula,Fewless,ufewless87@smugmug.com,Marketing Assistant,Austin,Texas,78769,ufewless87,OlxnQ3
Lauretta,Moohan,lmoohan88@amazon.de,Senior Financial Analyst,Anchorage,Alaska,99507,lmoohan88,g7WljmJFRWKX
Aharon,Cuskery,acuskery89@printfriendly.com,Structural Analysis Engineer,Greensboro,North Carolina,27455,acuskery89,rGzbTiisI78o
Leeann,Tresler,ltresler8a@vkontakte.ru,Web Designer II,Colorado Springs,Colorado,80945,ltresler8a,4w62l5m3
